{
  "cleavage_energy_std": [
    0.045697234921970524
  ],
  "cleavage_energy_mean": [
    0.10174029703490707
  ]
}